<?xml version = "1.0" encoding = "utf-8" ?>

<!--********** Copyright 2016 Roku Corp.  All Rights Reserved. **********-->
 
<component name = "RowListContent" extends = "ContentNode" >
  <children >
    <ContentNode title = "Past Services" >
      <ContentNode 
        HDPosterUrl = "http://www.sdktestinglab.com/Tutorial/images/rectanglepg.jpg" 
        title = "Rectangle Node" />
      <ContentNode 
        HDPosterUrl = "http://www.sdktestinglab.com/Tutorial/images/rectanglerotpg.jpg" 
        title = "Rectangle Node (Rotated)" />
      <ContentNode 
        HDPosterUrl = "http://www.sdktestinglab.com/Tutorial/images/labelpg.jpg" 
        title = "Label Node" />
      <ContentNode 
        HDPosterUrl = "http://www.sdktestinglab.com/Tutorial/images/posterpg.jpg" 
        title = "Poster Node" />
    </ContentNode>

    <ContentNode title = "Walking Through the Word With Pastor Wesley Norris" >
      <ContentNode 
        HDPosterUrl = "http://www.sdktestinglab.com/Tutorial/images/rectanglepg.jpg" 
        title = "Rectangle Node" />
      <ContentNode 
        HDPosterUrl = "http://www.sdktestinglab.com/Tutorial/images/rectanglerotpg.jpg" 
        title = "Rectangle Node (Rotated)" />
      <ContentNode 
        HDPosterUrl = "http://www.sdktestinglab.com/Tutorial/images/labelpg.jpg" 
        title = "Label Node" />
      <ContentNode 
        HDPosterUrl = "http://www.sdktestinglab.com/Tutorial/images/posterpg.jpg" 
        title = "Poster Node" />
    </ContentNode>
  </children>
</component>