<?xml version="1.0" encoding="utf-8" ?>
<!-- Copyright 2016 Roku Corp.  All Rights Reserved. -->
<component name="SimpleVideoScene" extends="Scene">
  <children>

    <Poster
      id="Background"
      width="1920"
      height="1080" 
      uri="pkg:/images/background.png"/>

    <Animation
      id="fadeinAnimation"
      repeat="false"
      duration="0.3">
      <FloatFieldInterpolator
        id="backgroundInterpolator"
        key="[0.0, 1.0]"
        keyValue="[0.0, 1.0]"
        fieldToInterp="Background.opacity"/>
    </Animation>

    <ButtonGroup id="ButtonGroup" translation="[1420,500]"/>
    <Poster id="Image" translation="[400,450]"/>

    <Overhang
      showClock="true"
      title="WELCOME HOME" 
      logoUri="pkg:/images/thecurechurchlogo.png"
      logoBaselineOffset="20"/>

    <Video 
      id="previewVideo"
      enableUI="false"
      width="1152"
      height="648"
      translation="[200, 200]"
      visible="false" />

    <Video
      id="Video"
      width="1920"
      height="1080"
      translation="[0,0]"
      visible="false"/>

    <Dialog
      id="WarningDialog"
      title="Warning"
      message="PUT A WARNING MESSAGE HERE"
      visible="false" />

    <BusySpinner
      id="loadingSpinner"
      visible = "true"/>

     <ParallelAnimation id="FadeOut">
      <Animation
        id="rowListMoveUp"
        duration=".4"
        repeat="false"
        easeFunction="inQuad">
        <Vector2DFieldInterpolator
          id="DSFadeOutInterp"
          key="[0, 1]"
          keyValue="[[130, 900],[130, 200]]"
          fieldToInterp="videosRowList.translation"/>
      </Animation>

      <Animation
        id="rowListMoveDown"
        duration=".4"
        repeat="false"
        easeFunction="inQuad">
        <Vector2DFieldInterpolator
          id="DSFadeOutInterp"
          key="[0,1]"
          keyValue="[[130, 200],[130, 900]]"
          fieldToInterp="videosRowList.translation"/>
      </Animation>
      
      <Animation
        id="videoPreviewMoveDown"
        duration=".4"
        repeat="false"
        easeFunction="inQuad">
        <Vector2DFieldInterpolator
          id="DSFadeOutInterp"
          key="[0, 1]"
          keyValue="[[200, -2000],[200, 200]]"
          fieldToInterp="previewVideo.translation"/>
      </Animation>

      <Animation
        id="videoPreviewMoveUp"
        duration=".4"
        repeat="false"
        easeFunction="inQuad">
        <Vector2DFieldInterpolator
          id="DSFadeOutInterp"
          key="[0,1]"
          keyValue="[[200, 200],[200, -2000]]"
          fieldToInterp="previewVideo.translation"/>
      </Animation>
      
      <Animation
        id="buttonGroupMoveUp"
        duration=".4"
        repeat="false"
        easeFunction="inQuad">
        <Vector2DFieldInterpolator 
          id="DSFadeOutInterp"
          key="[0,1]"
          keyValue="[[1220,500],[1220, -500]]"
          fieldToInterp="ButtonGroup.translation"/>
      </Animation>
      
      <Animation
        id="buttonGroupMoveDown"
        duration=".4"
        repeat="false"
        easeFunction="inQuad">
        <Vector2DFieldInterpolator
          id="DSFadeOutInterp"
          key="[0,1]"
          keyValue="[[1220, -500],[1220,500]]"
          fieldToInterp="ButtonGroup.translation"/>
      </Animation>
      
      <Animation
        id="buttonGroupMoveUpLive"
        duration=".4"
        repeat="false"
        easeFunction="inQuad">
        <Vector2DFieldInterpolator 
          id="DSFadeOutInterp"
          key="[0,1]"
          keyValue="[[1420,500],[1420, -500]]"
          fieldToInterp="ButtonGroup.translation"/>
      </Animation>
      
      <Animation
        id="buttonGroupMoveDownLive"
        duration=".4"
        repeat="false"
        easeFunction="inQuad">
        <Vector2DFieldInterpolator
          id="DSFadeOutInterp"
          key="[0,1]"
          keyValue="[[1420, -500],[1420,500]]"
          fieldToInterp="ButtonGroup.translation"/>
      </Animation>
      
      <Animation
        id="offlinePosterMoveUp"
        duration=".4"
        repeat="false"
        easeFunction="inQuad">
        <Vector2DFieldInterpolator 
          id="DSFadeOutInterp"
          key="[0,1]"
          keyValue="[[400, 450], [400, -300]]"
          fieldToInterp="Image.translation"/>
      </Animation>
      
      <Animation
        id="offlinePosterMoveDown"
        duration=".4"
        repeat="false"
        easeFunction="inQuad">
        <Vector2DFieldInterpolator
          id="DSFadeOutInterp"
          key="[0,1]"
          keyValue="[[400, -300], [400, 450]]"
          fieldToInterp="Image.translation"/>
      </Animation>

      <Animation
        id="offlinePosterFadeIn"
        duration=".2"
        repeat="false"
        easeFunction="inQuad">
        <FloatFieldInterpolator
          id="DSFadeOutInterp"
          key="[0,1]"
          keyValue="[0.2, 1.0]"
          fieldToInterp="Image.opacity"/>
      </Animation>

      <Animation
        id="videoPreviewFadeIn"
        duration=".2"
        repeat="false"
        easeFunction="inQuad">
        <FloatFieldInterpolator
          id="DSFadeOutInterp"
          key="[0,1]"
          keyValue="[0.2, 1.0]"
          fieldToInterp="previewVideo.opacity"/>
      </Animation>

      <Animation
        id="ButtonGroupFadeIn"
        duration=".2"
        repeat="false"
        easeFunction="inQuad">
        <FloatFieldInterpolator
          id="DSFadeOutInterp"
          key="[0,1]"
          keyValue="[0.2, 1.0]"
          fieldToInterp="ButtonGroup.opacity"/>
      </Animation>
      
      <Animation
        id="offlinePosterFadeOut"
        duration=".2"
        repeat="false"
        easeFunction="inQuad">
        <FloatFieldInterpolator
          id="DSFadeOutInterp"
          key="[0,1]"
          keyValue="[1.0, 0.2]"
          fieldToInterp="Image.opacity"/>
      </Animation>
      
      <Animation
        id="videoPreviewFadeOut"
        duration=".4"
        repeat="false"
        easeFunction="inQuad">
        <FloatFieldInterpolator
          id="DSFadeOutInterp"
          key="[0,1]"
          keyValue="[1.0, 0.5]"
          fieldToInterp="previewVideo.opacity"/>
      </Animation>

      <Animation
        id="ButtonGroupFadeOut"
        duration=".2"
        repeat="false"
        easeFunction="inQuad">
        <FloatFieldInterpolator
          id="DSFadeOutInterp"
          key="[0,1]"
          keyValue="[1.0, 0.2]"
          fieldToInterp="ButtonGroup.opacity"/>
      </Animation>

      <Animation
        id="RowListFadeOut"
        duration=".4"
        repeat="false"
        easeFunction="inQuad">
        <FloatFieldInterpolator
          id="DSFadeOutInterp"
          key="[0,1]"
          keyValue="[1.0, 0.5]"
          fieldToInterp="videosRowList.opacity"/>
      </Animation>

      <Animation
        id="RowListFadeIn"
        duration=".4"
        repeat="false"
        easeFunction="inQuad">
        <FloatFieldInterpolator
          id="DSFadeOutInterp"
          key="[0,1]"
          keyValue="[0.5, 1.0]"
          fieldToInterp="videosRowList.opacity"/>
      </Animation>
    </ParallelAnimation>
    
    <Exiter id="Exiter"/>

    <RowList 
    id = "videosRowList" 
    translation = "[ 130, 900 ]" 
    itemComponentName = "RowListItem" 
    numRows = "4" 
    itemSize = "[ 1608, 308 ]" 
    rowItemSize = "[ [536, 308] ]" 
    itemSpacing = "[ 0, 40 ]" 
    showRowLabel = "[ true ]" 
    drawFocusFeedback = "true" 
    vertFocusAnimationStyle = "fixedFocusWrap" 
    rowFocusAnimationStyle = "fixedFocusWrap"
    opacity=".5" />

  </children>

  <script type="text/brightscript" uri="pkg:/components/SimpleVideoScene.brs"/>
</component>
